afc32a12f9579cb248e0ec78c01590d5ca98a00f	10.3109/10673229.2012.677347	22512743	Intensive short-term dynamic psychotherapy: a systematic review and meta-analysis of outcome research.	Habib Davanloo has spent his career developing and teaching methods to accelerate dynamic psychotherapy, including his technique of intensive short-term dynamic psychotherapy (ISTDP). Over the past 20 years, outcome studies using this treatment have been conducted and published. We performed a systematic review of the literature to obtain studies presenting ISTDP outcome data. We found 21 studies (10 controlled, and 11 uncontrolled) reporting the effects of ISTDP in patients with mood, anxiety, personality, and somatic disorders. Using the random-effects model, we performed meta-analyses including 13 of these studies and found pre- to post-treatment effect sizes (Cohen's d) ranging from 0.84 (interpersonal problems) to 1.51 (depression). Post-treatment to follow-up effect sizes suggested that these gains were maintained at follow-up. Based on post-treatment effect sizes, ISTDP was significantly more efficacious than control conditions (d = 1.18; general psychopathology measures). Study quality was highly variable, and there was significant heterogeneity in some analyses. Eight studies using various measures suggested ISTDP was cost-effective. Within limitations of study methodologies, this evidence supports the application of ISTDP across a broad range of populations. Further rigorous and targeted research into this method is warranted.
dab19b5c72be775af7f217f0c6ac574e70406b45	10.1016/j.cpr.2012.04.004	22681913	Factors predicting the outcome of psychotherapy for borderline personality disorder: a systematic review.	BACKGROUND: There is substantial variation between individuals with borderline personality disorder (BPD) in the degree of benefit gained from psychotherapy. Information on factors predicting the outcome of therapy for this group could facilitate identification of those at risk for poor outcome, and could enable helpful therapy processes to be identified. METHOD: A systematic search of PsycInfo, EMBASE, CINHAL and Medline identified research on factors predicting symptom change during therapy for patients with a BPD diagnosis. Non-English language papers and dissertations were included. RESULTS: Two consistent positive predictors of symptom change were identified: pre-treatment symptom severity and patient-rated therapeutic alliance. Contrary to theories predicting increasing immutability with age, there was no evidence that age predicted poorer outcome. CONCLUSION: More severely ill patients may have greater potential to achieve change during therapy, and should remain a focus for psychotherapy services. The therapeutic alliance is an important common factor predicting outcome in patients with BPD, even in highly disorder-specific treatments. Outcomes may be improved by further clinical and research focus on forming strong therapeutic alliances. The advancement of the field requires identification and testing of new predictors of outcome, especially those related to specific theories of therapeutic change in BPD.
20b34822a5ef930778ea82c698667c32d08ab441	10.3402/ejpt.v3i0.19267	23233869	Systematic review and meta-analyses of psychosocial interventions for veterans of the military.	BACKGROUND: The efficacy of psychosocial therapies for common mental health disorders in veterans is unclear and requires further examination. METHOD: Systematic review and meta-analyses of randomised controlled trials (RCTs). Twenty databases were searched. Studies were included if they reported a psychosocial intervention designed to treat or reduce common mental health symptoms in veterans identified as being symptomatic at the time they entered the study. Studies of substance dependency disorders and psychosis were excluded. Eligible studies were assessed against methodological quality criteria and data were extracted and analysed. RESULTS: Twenty-nine RCTs were identified. There was evidence for the use of trauma-focused therapies for post-traumatic stress disorder (PTSD) and some evidence for psychological interventions in the treatment of borderline personality disorder, depression, insomnia, and panic disorder co-morbid to PTSD. However, methodological quality of many of the studies was less than optimal. CONCLUSIONS: Trauma-focused psychological therapies are likely to be effective for combat-related PTSD but there is a need for more research to determine the efficacy of psychological treatments for other mental health disorders in veterans.
a0a44723700313f0160f7a273e3387150834326c		23884616	To what extent are specific psychotherapies for borderline personality disorders efficacious? A systematic review of published randomised controlled trials.	INTRODUCTION: Over the past 20 years, several studies have established the efficacy of different forms of psychotherapy for borderline personality disorders (BPD). However, existing research has used a wide range of outcomes measures which makes it difficult to quantify data and to compare interventions. This review has been designed to analyse the evidence from randomized controlled trials (RCT) through a qualitative approach. METHODS: A systematic review of published RCT on specific psychotherapies for BPD has been undertaken to find relevant literature from online PsycINFO, ISI Web of Knowledge and Medline databases. An analysis of variability in primary outcomes, dropout patients and those who do not enter treatment has been conducted to assess if a wide range of variation could show any potential bias. RESULTS: There is a substantial variation between the studies in primary outcomes, such as suicide attempts (7.4- 33.9%), and specially in dropout patients (6.7-47.4%) and those who do not enter treatment (17.6-63.6%). Globally, specific psychotherapy for BPD, at least in a 40% of patients who demand treatment, would not be efficacious. CONCLUSIONS: The overall efficacy of specific therapies for BPD is promising. However, the variability of results raise questions about potential bias. Future studies should investigate new therapeutic approaches to allow the management of more severe and refractory patients.
866f86780f283b63243cda92674faefe59d41157	10.4088/JCP.12r08046	23945444	Lamotrigine in psychiatric disorders.	OBJECTIVE: Owing to the prevalence of medication side effects and treatment resistance, prescribers often consider off-label uses of US Food and Drug Administration (FDA)-approved agents for the treatment of persistent symptoms. The authors review the available literature on the FDA-approved and non-FDA-approved uses of lamotrigine in adults with psychiatric disorders. DATA SOURCES: We used PubMed, MEDLINE, and a hand search of relevant literature to find studies published between 1990 and 2012 and available in English language. The following keywords were searched: lamotrigine, psychiatric, mood disorders, depression, personality disorders, anxiety, schizophrenia, side effects, and rash. STUDY SELECTION: Data were selected from 29 randomized controlled trials (RCTs). When RCTs were not available, open-label trials (6), retrospective case reviews (10), and case series (4) were summarized. DATA EXTRACTION: We extracted results of monotherapy and augmentation trials of lamotrigine on primary and secondary outcome measures. RESULTS: Lamotrigine is generally well tolerated, with the best evidence for the maintenance treatment of bipolar disorder, particularly in prevention of depressive episodes. In acute bipolar depression, meta-analyses suggested a modest benefit, especially for more severely depressed subjects, with switch rates similar to placebo. In unipolar depression, double-blind RCTs noted benefit on subsets of symptoms and improved response in more severely depressed subjects. Data are limited but promising in borderline personality disorder. Use of lamotrigine in schizophrenia and anxiety disorders has little supportive evidence. CONCLUSIONS: Lamotrigine is recommended in bipolar maintenance when depression is prominent. It also has a role in treating acute bipolar depression and unipolar depression, though the latter warrants more research. Data are too limited in other psychiatric disorders to recommend its use at this time.
a3f1bda906af39beedcccf937e7ba0126ba3caa0	10.1007/s11065-014-9254-9	24574071	Facial emotion processing in borderline personality disorder: a systematic review and meta-analysis.	A body of work has developed over the last 20 years that explores facial emotion perception in Borderline Personality Disorder (BPD). We identified 25 behavioural and functional imaging studies that tested facial emotion processing differences between patients with BPD and healthy controls through a database literature search. Despite methodological differences there is consistent evidence supporting a negative response bias to neutral and ambiguous facial expressions in patients. Findings for negative emotions are mixed with evidence from individual studies of an enhanced sensitivity to fearful expressions and impaired facial emotion recognition of disgust, while meta-analysis revealed no significant recognition impairments between BPD and healthy controls for any negative emotion. Mentalizing studies indicate that BPD patients are accurate at attributing mental states to complex social stimuli. Functional neuroimaging data suggest that the underlying neural substrate involves hyperactivation in the amygdala to affective facial stimuli, and altered activation in the anterior cingulate, inferior frontal gyrus and the superior temporal sulcus particularly during social emotion processing tasks. Future studies must address methodological inconsistencies, particularly variations in patients' key clinical characteristics and in the testing paradigms deployed.
72be0de0112113e28782e4a0e38fefb11149967b	10.1097/HRP.0b013e3182a75c2c	24651557	Burden and support needs of carers of persons with borderline personality disorder: a systematic review.	BACKGROUND: A major feature of personality disorders is significant impairment in interpersonal functioning, which may create challenges in close relationships. This article aims to systematically review the experience of carers of persons with personality disorders. METHOD: The PRISMA systematic review method was followed, and empirical studies written in English, published between 1996 and 2011, and cited in major electronic databases were searched. Studies meeting the following selection criteria were included: (1) carers or families of persons with personality disorders; (2) intervention involving the carers or families; (3) burden or related construct used. Studies were required to meet either criteria 1 and 3 or criteria 2 and 3. Reference lists were scanned, and experts were consulted for further studies. RESULTS: Six studies met inclusion criteria, representing data on 465 carers. Five of the six studies focused on carers of persons with borderline personality disorder. The findings indicated that carers experience elevated objective and subjective burden, grief, impaired empowerment, and mental health problems, including depression and anxiety. Scores on objective and subjective burden were half a standard deviation above the mean compared to carers of inpatients with other serious mental illnesses. CONCLUSIONS: This study is the first to report data on a large, aggregated sample of carers of persons with personality disorders. Significant gaps in the literature remain, and it is recommended that future research focus on the burden and support needs of carers of persons across different personality disorders, that attention be paid to the gender balance of patients, and that data be reported in a way to allow meta-analysis.
025af324de23d5137b288960416881e30716999a	10.1007/s11920-014-0443-2	24633938	Physical and social pains in borderline disorder and neuroanatomical correlates: a systematic review.	Borderline personality disorder (BPD) is a common psychiatric disorder, the core features of which are affective dysregulation, identity disturbances, and problems in social interaction, with an intense fear of loss, abandonment, or rejection by social partners. Self-injurious behaviors (SIB), such as superficial cutting, occur in 70-80 % of BPD patients, which are associated with emotional relief. Intriguingly, the majority of BPD patients report reduced or no pain associated with SIB, whereas BPD patients are over-represented in chronic pain patients. Thus, studying pain perception in such patients may help to understand the pathophysiology of BPD, but also the interaction between affective and physical dimensions of pain. We conducted a systematic review dealing with physical and social pains in BPD patients, with a special focus on neuroimaging data. SIB appear to be an inadequate strategy to regulate negative emotions that may be related to social/psychological pain, by increasing dorsolateral prefrontal cortex activation in order to regulate amygdala activation. In addition, abnormal hyperactivation of the insula is a possible trait marker of BPD, and might contribute to modified pain sensitivity. When considering psychological pain in BPD patients, neuroanatomical studies have shown a hyper-responsive subcortical limbic network and a deficient regulatory control system operating through anterior brain regions. Promising therapeutic strategies should target neuroanatomical and neurobiological dysfunctions, which lead to altered pain perception in BPD patients.
d548162cc0ba122f99e38ee58b33c303df1c89e2	10.1016/j.cpr.2014.03.005	24742496	Correlates of suicide attempts among self-injurers: a meta-analysis.	Suicide attempts (SAs) are common among those who engage in non-suicidal self-injury (NSSI). It is therefore important to determine which suicide risk factors are most predictive of SA among those who self-injure. Toward this aim, we conducted a systematic review of studies examining predictors of SA history among self-injurers. A total of 52 empirical articles provided data comparing self-injurers with and without SA. From these studies we focused our meta-analysis on the 20 variables that were evaluated with respect to SA history in five or more different samples. The strongest correlate of SA history was suicidal ideation. After suicidal ideation, the strongest predictors of SA history were NSSI frequency, number of NSSI methods, and hopelessness. Additional, moderate predictors of SA history included Borderline Personality Disorder, impulsivity, Post-Traumatic Stress Disorder, the NSSI method of cutting, and depression. Demographic characteristics, such as gender, ethnicity, and age, were weakly associated with SA history. Notably, some oft-cited risk factors for SA displayed small or negligible associations with SA among self-injurers, including histories of sexual and physical abuse, anxiety, substance use, and eating disorders. Findings have implications for conceptual models of the NSSI-SA relationship and the evaluation of suicide risk among self-injuring populations.
d37dc7c341d96425eb6defdd0b3e9ea5299db325	10.1002/pmh.1264	24990645	Are recommendations for psychological treatment of borderline personality disorder in current U.K. guidelines justified? Systematic review and subgroup analysis.	Current U.K. guidelines on the management of borderline personality disorder include specific recommendations about the duration of therapy and number of sessions per week that patients should be offered. However, very little research has been conducted to examine the impact of these aspects of treatment process on patient outcomes. We therefore undertook a systematic review to examine the impact of treatment duration, number of sessions per week and access group-based therapy on general mental health, depression, social functioning and deliberate self-harm. We identified 25 randomized trials for possible inclusion in the review. However, differences in outcome measures used meant that only 12 studies could be included in the analysis. Statistically significant reductions in self-harm and depression and improvement in social functioning were found for treatments that include more than one session per week and those that included group-based sessions but were not found for those that deliver in individual sessions or one or fewer sessions per week. Longer term outcomes of short-term interventions have not been examined. Further research is needed to examine the impact of shorter term interventions and to compare the effects of group-based versus individual therapies for people with borderline personality disorder.
69ee8dc163d69a58aef280f9f501f1ba516b308f	10.1136/jnnp-2014-308883.20	25009331	Is there a link between non-epileptic attack disorders (nead) and personality disorders (pd)? - a systematic review.	
7e052daa2381b307dc8fffdee90311f56c7a30a6	10.1016/j.encep.2014.07.002	25063345	[Hallucinations and borderline personality disorder: A review.]	INTRODUCTION: Hallucinations constitute understudied symptoms in borderline personality disorders (BPD), which can be observed in about 30% of the patients, essentially in the auditory modality. Most of these experiences are transitory, triggered by intermittent stressors, but chronicity remains a major cause of concern. In order to better circumscribe hallucinations in BPD, we summarized the literature on this particular phenomenon. METHODS: We conducted a review using Medline, Scopus and Google Scholar databases up to March 2013, using the following keywords combinations: "borderline personality disorder", "hallucinat*" and "psychotic symptoms". Papers were included in the review if they were published in an English or French language peer-reviewed journal; the study enrolled patients with BPD; and the diagnosis was made according to the Diagnostic and Statistical Manual (DSM) criteria. Fifteen studies published between 1985 and 2012, merging a total of 635 patients, were retained. RESULTS: The hallucinatory experiences observed in BPD appeared phenomenologically similar to those described in the schizophrenia spectrum in terms of vividness, duration, spatial localization, beliefs about malevolence or omnipotence. Conversely, the hallucinatory content appeared more negative and potentially more distressful. Crucially, this literature search also revealed that these symptoms have long been regarded as "pseudo-hallucinations" (or "hallucination-like symptoms"). This concept was judged of poor scientific validity, inducing stigma for BPD patients in that it casts doubt on the authenticity of these experiences while disqualifying the related distress. This situation points out that research should focus more on understanding hallucinations in BPD than questioning their existence. Interestingly, recent comorbidity studies reopened a 40-year debate on the potential links that may exist between BPD and psychosis. Initially considered as a para-psychotic disorder, BPD was effectively redefined as an independent category by Otto F. Kernberg, leading to the DSM-III definition, excluding any psychotic symptom. However, hallucinations per se remain insufficient to diagnose schizophrenia, while comorbid substance use disorders as well as mood disorders, cannot explain all the hallucination occurrences in BPD. By referring to the "psychotic-reactivity-to-stress" framework, we proposed to understand hallucinations in BPD in relation to a hyperactivity of the hypothalamic-pituitary-adrenal axis and of the dopaminergic system under stress. Childhood trauma may have a central role in such a model. The prevalence of childhood trauma is high in BPD but this factor was also evidenced strongly linked with hallucinations in non-clinical populations. Comparisons are finally made and discussed between hallucinations occurring in BPD and those observed in posttraumatic stress disorder, another frequent comorbid disorder. CONCLUSION: Almost a third of patients with BPD experiences hallucinations, and future studies will have to clarify the pathophysiology of this symptom, still poorly understood. Both the models of psychotic-reactivity-to-stress, as well as the role of childhood trauma in the context of a gene X environment interaction, appear to be promising cues for future research.
1bdc633288d4c0194d6d33809498d1946ca14503	10.1016/j.jsat.2011.05.004	21742460	A systematic review of interventions for co-occurring substance use disorder and borderline personality disorder.	Rates of borderline personality disorder (BPD) among individuals with substance use disorder (SUD) are estimated to be as high as 65%. Such elevated rates present considerable challenges for drug treatment services given that individuals with co-occurring SUD and BPD have higher rates of relapse, treatment noncompliance, and poorer outcomes than those with either diagnosis alone. A systematic review investigating current treatment options for co-occurring SUD and BPD was conducted using Medline and PsycINFO. Randomized controlled trials were the focus. Six studies were included that examined the use of three psychosocial therapies: dialectical behavior therapy, dual focused schema therapy and dynamic deconstructive psychotherapy. Despite all studies demonstrating some treatment gains over time, there is currently insufficient evidence to recommend one treatment over another. Further research is needed to examine effective treatment options for co-occurring SUD and BPD, especially those that are likely to be applicable in mainstream drug treatment settings.
64003e29b28a229ec3477861aa0354eff3e42cd7	10.1037/a0036794	24796344	Short-Term Assessment of Risk and Treatability (START): systematic review and meta-analysis.	This article describes a systematic review of the psychometric properties of the Short-Term Assessment of Risk and Treatability (START) and a meta-analysis to assess its predictive efficacy for the 7 risk domains identified in the manual (violence to others, self-harm, suicide, substance abuse, victimization, unauthorized leave, and self-neglect) among institutionalized patients with mental disorder and/or personality disorder. Comprehensive terms were used to search 5 electronic databases up to January 2013. Additional articles were located by examining references lists and hand-searching. Twenty-three papers were selected to include in the narrative review of START's properties, whereas 9 studies involving 543 participants were included in the meta-analysis. Studies about the feasibility and utility of the tool had positive results but lacked comparators. START ratings demonstrated high internal consistency, interrater reliability, and convergent validity with other risk measures. There was a lack of information about the variability of START ratings over time. Its use in an intervention to reduce violence in forensic psychiatric outpatients was not better than standard care. START risk estimates demonstrated strong predictive validity for various aggressive outcomes and good predictive validity for self-harm. Predictive validity for self-neglect and victimization was no better than chance, whereas evidence for the remaining outcomes is derived from a single, small study. Only 3 of the studies included in the meta-analysis were rated to be at a low risk of bias. Future research should aim to investigate the predictive validity of the START for the full range of adverse outcomes, using well-designed methodologies, and validated outcome tools.
b2a5e6cbb44e32b40a7364416681e29ade174369	10.1521/pedi_2014_28_168	25248010	The Prevalence of Comorbid Personality Disorders in Treatment-Seeking Problem Gamblers: A Systematic Review and Meta-Analysis.	The aim of this study was to systematically review and meta-analyze the prevalence of comorbid personality disorders among treatment-seeking problem gamblers. Almost one half (47.9%) of problem gamblers displayed comorbid personality disorders. They were most likely to display Cluster B disorders (17.6%), with smaller proportions reporting Cluster C disorders (12.6%) and Cluster A disorders (6.1%). The most prevalent personality disorders were narcissistic (16.6%), antisocial (14.0%), avoidant (13.4%), obsessive-compulsive (13.4%), and borderline (13.1%) personality disorders. Sensitivity analyses suggested that these prevalence estimates were robust to the inclusion of clinical trials and self-selected samples. Although there was significant variability in reported rates, subgroup analyses revealed no significant differences in estimates of antisocial personality disorder according to problem gambling severity, measure of comorbidity employed, and study jurisdiction. The findings highlight the need for gambling treatment services to conduct routine screening and assessment of co-occurring personality disorders and to provide treatment approaches that adequately address these comorbid conditions.
c3e0c23b2426f1d91c0184d6a8becbc57dc65965	10.1371/journal.pone.0107748	25265185	A systematic review of economic evaluations of treatments for borderline personality disorder.	PURPOSE: The borderline personality disorder is a common mental disorder. It is frequently associated with various mental co-morbidities and a fundamental loss of functioning. The borderline personality disorder causes high costs to society. The aim of this study was to perform a systematic literature review of existing economic evaluations of treatments for borderline personality disorder. MATERIALS AND METHODS: We performed a systematic literature search in MEDLINE, EMBASE, PsycINFO and NHSEED for partial and full economic evaluations regarding borderline personality disorder. Reported cost data were inflated to the year 2012 and converted into US-$ using purchasing power parities to allow for comparability. Quality assessment of the studies was performed by means of the Consensus on Health Economic Criteria checklist, a checklist developed by a Delphi method in cooperation with 23 international experts. RESULTS: We identified 6 partial and 9 full economic evaluations. The methodical quality was moderate (fulfilled quality criteria: 79.2% [SD: 15.4%] in partial economic evaluations, 77.3% [SD: 8.5%] in full economic evaluations). Most evaluations analysed psychotherapeutic interventions. Although ambiguous, most evidence exists on dialectical-behavioural therapy. Cognitive behavioural therapy and schema-focused therapy are cost-saving. Evidence on other interventions is scarce. CONCLUSION: The economic evidence is not sufficient to draw robust conclusions for all treatments. It is possible that some treatments are cost-effective. Most evidence exists on dialectical-behavioural therapy. Yet, it is ambiguous. Further research concerning the cost-effectiveness of treatments is necessary as well as the identification of relevant cost categories and the validation of effect measures.
07ad98c61d3c83c8619b8268abc188f5131667d6	10.1007/s10461-012-0212-3	22644066	The Impact of DSM-IV Mental Disorders on Adherence to Combination Antiretroviral Therapy Among Adult Persons Living with HIV/AIDS: A Systematic Review.	This is a systematic review of eighty-two published studies investigating the impact of DSM-IV mental disorders on combination antiretroviral therapy (cART) adherence and persistence among persons living with HIV/AIDS (PLWHA). Sixty-two articles examined depression, with 58 % (N = 32/62) finding lower cART adherence and persistence. Seventeen articles examined one or more anxiety disorders, with the majority finding no association with cART adherence or persistence. Eighty percent of the studies that evaluated the impact of psychotic (N = 3), bipolar (N = 5) and personality disorders (N = 2) on cART adherence and persistence also found no association. Seven out of the nine studies (78 %) evaluating the impact of antidepressant treatment (ADT) on cART adherence found improvement. Adherence and depression measurements varied significantly in studies; common research measurements would improve data harmonization. More research specifically addressing the impact of other mental disorders besides depression on cART adherence and RCTs evaluating ADT on cART adherence are also needed.
1ff2f09ffba7bef0d13beb043175859c4d93d69e	10.1097/BRS.0b013e31822ef6b9	21952192	Fusion versus nonoperative care for chronic low back pain: do psychological factors affect outcomes?	STUDY DESIGN: Systematic review. OBJECTIVE: The objectives of this systematic review were to determine whether fusion is superior to conservative management in certain psychological subpopulations and to determine the most common psychological screening tests and their ability to predict outcome after treatment in patients with chronic lower back pain. SUMMARY OF BACKGROUND DATA: Many studies have documented the effects of various psychological disorders on outcomes in the treatment of lower back pain. The question of whether patients with certain psychological disorders would benefit more from conservative treatment than fusion is not clear. Furthermore, the most appropriate screening tools for assessing psychological factors in the presence of treatment decision making should be recommended. METHODS: Systematic review of the literature, focused on randomized controlled trials to assess the heterogeneity of treatment effect of psychological factors on the outcomes of fusion versus nonoperative care of the treatment of chronic low back pain. In the analysis of psychological screening tests, we searched for the most commonly reported questionnaires and those that had been shown to predict lower back pain treatment outcomes. RESULTS: Few studies comparing fusion to conservative management reported differences in outcome by the presence or absence of a psychological disorder. Among those that did, we observed the effect of fusion compared with conservative management was more favorable in patients without a personality disorder, neuroticism, or depression. The most commonly reported, validated psychological screening tests for lower back pain are the Beck Depression Inventory, the Fear Avoidance Belief Questionnaire, the Spielberger Trait Anxiety Inventory, the Zung Depression Scale, and the Distress Risk Assessment Method. CONCLUSION: Psychological disorders affect chronic lower back pain treatment outcomes. Patients with a personality disorder appear to respond more favorably to conservative management and those without a personality disorder more favorably to fusion. Patients with higher depression and neuroticism scores may also respond more favorably to conservative management. CLINICAL RECOMMENDATIONS: Recommendation 1: Chronic LBP patients with depression, neuroticism, and certain personality disorders should preferentially be treated nonoperatively. Strength of recommendation: Weak. Recommendation 2: Consider the use of a validated psychological screening questionnaire such as the BDI, FABQ, DRAM, ZDI or STAI, when treating patients with CLBP. Strength of recommendation: Weak.
7947020176eb35496938204e22f0946543de3382	10.1016/j.cpr.2014.01.007	24534643	Interpersonal functioning in borderline personality disorder: a systematic review of behavioral and laboratory-based assessments.	It is widely accepted that interpersonal problems are a central area of difficulty for those with borderline personality disorder (BPD). However, empirical elucidation of the specific behaviors, or patterns of behaviors, characterizing interpersonal dysfunction or dissatisfaction with relationships in BPD is limited. In this paper, we review the literature on interpersonal functioning of individuals with BPD by focusing on studies that include some assessment of interpersonal functioning that is not solely self-report; that is, studies with either behavioral laboratory tasks or manipulation of interpersonal stimuli in a controlled laboratory setting were included. First, we review the literature relevant to social cognition, including perceptual biases, Theory of Mind/empathy, and social problem-solving. Second, we discuss research that assesses reactivity to interpersonal stressors and interpersonal aggression in BPD. Next, we review the literature on trust and cooperation among individuals with BPD and controls. Last, we discuss the behavior of mothers with BPD in interactions with their infants. In conclusion, we specify areas of difficulty that are consistently identified as characterizing the interpersonal behaviors of those with BPD and the relevant implications. We also discuss the difficulties in synthesizing this body of literature and suggest areas for future research.
5af9b41608a0b4dd3dc544cbbd36af45fed5cc89	10.1521/pedi_2013_27_070	24256103	Influence of Personality on the Outcome of Treatment in Depression: Systematic Review and Meta-Analysis.	There continues to be debate about the influence of personality disorder on the outcome of depressive disorders and is relative interactions with treatment. To determine whether personality disorder, both generically and in terms of individual clusters, leads to a worse outcome in patients with depressive disorders and whether this is influenced by type of treatment, a systematic electronic search of MEDLINE, CINAHL, and PsycINFO from 1966, 1982, and 1882, respectively, until February 2007 was undertaken. The keyword terms depression, mental illness, and personality disorder were used. All references were reviewed and personal correspondence was undertaken. Only English language papers were considered. Any English language paper studying a depressed adult population was considered for inclusion. Studies needed to clearly define depression and personality disorder using peer-reviewed instruments or International Classification of Disease/Diagnostic Statistical Manual criteria. Outcome assessment at greater than 3 weeks was necessary. Final inclusion papers were agreed on by consensus by at least two reviewers. All data were extracted using predetermined criteria for depression by at least two reviewers in parallel. Disagreement was settled by consensus. Complex data extraction was confirmed within the study group. Data were synthesized using log odds ratios in the Cochrane RevMan 5 program. The finding of comorbid personality disorder and depression was associated with a more than double the odds of a poor outcome for depression compared with those with no personality disorder (OR 2.16, CI 1.83-2.56). This effect was not ameliorated by the treatment modality used for the depressive disorder. This finding led to the conclusion that personality disorder has a negative impact on the outcome of depression. This finding is important in considering prognosis in depressive disorders.
78c76dbf6c330d404501b7c3b87cdb918b21619e	10.1016/j.jad.2013.08.023	24120406	Comorbidity of personality disorders in mood disorders: a meta-analytic review of 122 studies from 1988 to 2010.	BACKGROUND: A meta-analysis was conducted to identify the proportions of comorbid personality disorders (PD) in mood disorders. METHODS: We found 122 empirical papers published in the period 1980-2010 on participants having mood disorders in addition to a comorbid PD. Mood disorders were classified as bipolar disorders (BD), major depressive disorders (MDD) and dysthymic disorders (DYS). Several moderators were coded as well. RESULTS: The risk of having at least one comorbid PD (any PD) was high across all three mood disorders (BD=.42, MDD=.45), but highest in DYS (.60). Cluster B and C PDs were most frequent in BD, while cluster C PDs dominated in MDD and DYS. Among the specific PDs, the paranoid (.11 versus .07/.05), borderline (.16 versus .14/.13), histrionic (.10 versus .06/.06) and obsessive-compulsive (.18 versus .09/.12) PDs occurred more frequently in BD versus MDD/DYS, whereas the avoidant PD (.22 versus .12/.16) was most frequent in DYS versus BD/MDD. Moderator analyses showed higher comorbidity when diagnoses were based on questionnaires versus clinical interviews, DSM-III-R versus DSM-IV, more women were included or the duration of the disorder was longer. Age of onset yielded mixed results. LIMITATIONS: Blind rating of diagnoses was recorded, but was employed in too few studies to be usable as an indication of diagnostic validity. CONCLUSIONS: Personality disorders are common in mood disorders. Implications of the identified moderators as well as the new DSM-5 diagnostic system are considered.
6a958c7aa9a4855c6d600714c9db5ecac34da121	10.1007/s10597-013-9649-8	24068584	The impact of personality disorders on legally supervised community treatment: a systematic literature review.	Mental health needs are common among community corrections offenders and many are enrolled in some form of supervised or mandated treatment. One category of mental health problem which may be germane to both treatment completion and recidivism among those in legally supervised treatment is the diagnosis of Personality Disorder (PD). This systematic review reports on sixteen studies comprised of full or mixed legally-supervised samples of offender in community-based treatment and examines the impact of PDs on treatment completion. These studies were difficult to compare because of the differences in program setting, definition of treatment completion, definition of PD, method of PD assessment and type of treatment, among other variables. The impact of antisocial personality disorder in treatment was a common focus, and other PDs were rarely assessed. The relevance of DSM PD categories to offender management in community corrections as well as the limitations of the current PD diagnostic categories is discussed.
7629750133a62e8504adb89c003ce00bf6002905	10.1521/psyc.2012.75.4.355	23244013	The Impact of Level of Personality Organization on Treatment Response: A Systematic Review.	This paper provides a systematic review of extant research concerning the association between level of personality organization (PO) and psychotherapy response. Psychotherapy studies that reported a quantifiable association between level of PO and treatment outcome were examined for eligibility. Based on stringent inclusion and exclusion criteria, we identified 18 studies from 13 original data sources. Participants in these studies had a variety of mental disorders, of which mood, anxiety, and personality disorders were the most common. The results of this systematic review converge to suggest that higher initial levels of PO are moderately to strongly associated with better treatment outcome. Some studies indicate that level of PO may interact with the type of intervention (i.e., interpretive versus supportive) in predicting treatment outcome, which suggests the importance of tailoring the level of interpretive work to the level of PO. Yet, at the same time, the limited number of studies available and the heterogeneity of measures used to assess PO in existing research stress the need for further research. Potential implications for clinical practice and guidelines for future research are discussed.
f29da9f2f99f4ecc2ef9fe9e907d75b76840712c	10.1016/j.pnpbp.2012.11.014	23220094	Neuroimaging findings in schizotypal personality disorder: a systematic review.	BACKGROUND: Schizotypal personality disorder is the prototypical schizophrenia-spectrum condition, sharing similar phenomenological, cognitive, genetic, physiological, neurochemical, neuroanatomical and neurofunctional abnormalities with schizophrenia. Investigations into SPD circumvent many confounds inherent to schizophrenia such as medication and institutionalization. Hence, SPD offers a unique vantage point from which to study schizophrenia-spectrum conditions. METHODS: We systematically reviewed the neuroimaging literature in SPD to establish: (1) whether there are concordant findings in SPD and schizophrenia, possibly reflective of core pathology between the two conditions and (2) whether there are discordant findings in SPD and schizophrenia, possibly reflecting protective factors in the former. The findings are synthesized across structural and functional neuroimaging domains. RESULTS: A total of 54 studies were identified. Medial temporal lobe structures seem to be compromised in both SPD and schizophrenia. In schizophrenia prefrontal structures are further compromised, whereas in SPD these seem to be larger-than-normal, possibly reflecting a compensatory mechanism. Additional pathology is discussed, including evidence of aberrant subcortical dopaminergic functioning. CONCLUSIONS: SPD is a schizophrenia-spectrum condition that shares pathology with schizophrenia, but is distinct in showing unique neural findings. Future studies are needed to confirm and localize regions of common and disparate pathology between SPD and schizophrenia.
8a6e0f5acee6b0f822fe7a42a59aca5c56129ba4	10.1521/pedi.2012.26.5.775	23013345	Personality Disorders, Violence, and Antisocial Behavior: A Systematic Review and Meta-Regression Analysis.	The risk of antisocial outcomes in individuals with personality disorder (PD) remains uncertain. The authors synthesize the current evidence on the risks of antisocial behavior, violence, and repeat offending in PD, and they explore sources of heterogeneity in risk estimates through a systematic review and meta-regression analysis of observational studies comparing antisocial outcomes in personality disordered individuals with controls groups. Fourteen studies examined risk of antisocial and violent behavior in 10,007 individuals with PD, compared with over 12 million general population controls. There was a substantially increased risk of violent outcomes in studies with all PDs (random-effects pooled odds ratio [OR] = 3.0, 95% CI = 2.6 to 3.5). Meta-regression revealed that antisocial PD and gender were associated with higher risks ( p = .01 and .07, respectively). The odds of all antisocial outcomes were also elevated. Twenty-five studies reported the risk of repeat offending in PD compared with other offenders. The risk of a repeat offense was also increased (fixed-effects pooled OR = 2.4, 95% CI = 2.2 to 2.7) in offenders with PD. The authors conclude that although PD is associated with antisocial outcomes and repeat offending, the risk appears to differ by PD category, gender, and whether individuals are offenders or not.
8fc9af191da7be9391d7051e23305921067ee548	10.1708/1128.12445	22825438	[Pharmacotherapy plus psychotherapy in patients with mood disorder and Axis II codiagnosis. A review].	AIM: The main aim of this paper is to review data on the efficacy of combined therapy in patients with mood disorder and axis II codiagnosis. The secondary aim is to assess the impact of personality disorders, psychotherapies, and combination therapy approaches on the treatment outcome. MATERIALS AND METHODS: We searched the Medline database using the following syntax: "major depressive disorder", "bipolar depression", "personality disorder", "comorbidity", "epidemiology", "combined therapy", "sequential therapy". The search included studies published up to february 2011. We divided the selected studies on the basis of the following pharmacotherapy and psychotherapy combination treatment approaches: concurrent treatment, sequential treatment and cross-over treatment. RESULTS: We found six studies about this topic. They show that in patients with unipolar depression combined therapy does not increase significantly the remission rate of the acute phases. However, combined treatment has greater effects on social functioning, interpersonal sensitivity and aggressiveness than pharmacological treatment. The studies indicate also that in patients with either unipolar or bipolar disorder combined therapy is more effective than pharmacological therapy in reducing relapses. DISCUSSION: The available limited data suggest that in patients with mood disorder and axis II codiagnosis pharmacological and psychological combined therapy is useful. In these patients the type of combination approach does not seem to influence the treatment outcome.
aa191b35fce36252472d6b344eb61f4dddc725a4	10.1017/S1092852912000466	22789064	Amygdalar volume in borderline personality disorder with and without comorbid post-traumatic stress disorder: a meta-analysis.	INTRODUCTION: Four studies have found a smaller amygdalar volume in patients with borderline personality disorder (BPD) relative to controls, whereas four other studies have found similar amygdalar volume in BPD patients relative to controls. This study aims to compare amygdalar volumes of BPD patients with controls, and also to compare BPD patients with and without post-traumatic stress disorder (PTSD) with controls in order to determine whether PTSD can explain the heterogeneity of findings. METHOD: Systematic review and meta-analysis of magnetic resonance imaging studies that measured amygdalar volumes in BPD patients and healthy controls. FINDINGS: A significant reduction of amygdalar volumes in BPD patients was confirmed (p < .001). However, data from the studies that discriminated BPD patients with and without PTSD indicated that amygdalar volumes were significantly smaller in BPD patients without PTSD relative to controls (left: p = .02; right: p = .05), but not in BPD patients with PTSD relative to controls (left: p = .08; right: p = .20). CONCLUSION: This meta-analysis suggests that amygdalar volumes are reduced in patients with BPD. This pattern is confirmed in BPD patients without PTSD, but not in BPD patients with PTSD, raising the possibility that reduced amygdalar volume in BPD patients cannot be explained by comorbid PTSD.
3db1822f9c869bad436bcb70a5aff94247ad7d11	10.1016/j.pscychresns.2012.02.012	22507760	Amygdala and hippocampal volume reductions as candidate endophenotypes for borderline personality disorder: a meta-analysis of magnetic resonance imaging studies.	Borderline personality disorder (BPD) is a genetically influenced psychiatric illness with disruptions in neural systems supporting cognition and emotion regulation. Volumetric decreases of the hippocampus and amygdala may characterize BPD and serve as putative endophenotypes for the illness. The purpose of the present study was to evaluate whether the magnitude of these volume reductions and their associations with state-of-illness factors and psychiatric disorders which often co-occur with BPD warrant their consideration as potential endophenotypes. Volumetric magnetic resonance imaging results from 11 studies comprising 205 BPD patients and 222 healthy controls were quantitatively synthesized using meta-analytic techniques. Patients showed an average 11% and 13% decrease in the size of the hippocampus and amygdala, respectively. These volumetric differences were not attenuated in patients being treated with psychotropic medications. Comorbid depression, post-traumatic stress disorder, and substance use disorders were unrelated to volumetric decreases in either structure. These findings suggest modest volume reductions of the amygdala and hippocampus bilaterally in BPD which cannot be attributed to illness state or comorbid psychopathology. Decreased volumes of these key limbic structures may hold promise as candidate endophenotypes for BPD.
be3d9c797d8c46d3bedd01e778116045ed47b069	10.1037/a0024567	22452764	An examination of the Psychopathic Personality Inventory's nomological network: a meta-analytic review.	Since its publication, the Psychopathic Personality Inventory and its revision (Lilienfeld & Andrews, 1996; Lilienfeld & Widows, 2005) have become increasingly popular such that it is now among the most frequently used self-report inventories for the assessment of psychopathy. The current meta-analysis examined the relations between the two PPI factors (factor 1: Fearless Dominance; factor 2: Self-Centered Impulsivity), as well as their relations with other validated measures of psychopathy, internalizing and externalizing forms of psychopathology, general personality traits, and antisocial personality disorder symptoms. Across 61 samples reported in 49 publications, we found support for the convergent and criterion validity of both PPI factor 2 and the PPI total score. Much weaker validation was found for PPI factor 1, which manifested limited convergent validity and a pattern of correlations with central criterion variables that was inconsistent with many conceptualizations of psychopathy.
60414698fd91e98c42adabfc48199d22c2d2c88d	10.1017/S146114571100201X	22339930	A systematic review of the evidence of clozapine's anti-aggressive effects.	Reducing the risk of violent and aggressive behaviour in patients with schizophrenia remains a clinical priority. There is emerging evidence to suggest that the second-generation antipsychotic, clozapine, is effective at reducing this risk in patients with schizophrenia and some evidence to suggest that it may be best in selected patients. We conducted a systematic literature search in March 2011 of all prospective and retrospective studies, which investigated clozapine's anti-aggressive effects in a variety of mental disorders. The review identified six animal studies, four randomized controlled trials, 12 prospective non-controlled studies and 22 retrospective studies, with four case studies. We found considerable evidence in support of clozapine's ability to reduce violent and aggressive behaviour. Clozapine's anti-aggressive effect was most commonly explored in patients with schizophrenia, with less evidence available for other psychiatric disorders, including borderline personality disorder, autistic spectrum disorders, post-traumatic stress disorder, bipolar disorder and learning disability. There was mixed evidence to address the question of whether or not clozapine was any more effective than other antipsychotics. In the case of schizophrenia, there was evidence to suggest that clozapine's anti-aggressive effect was more marked particularly in those with treatment-resistant illness. Its anti-aggressive effects appeared to be 'specific', being to some extent greater than both its more general antipsychotic and sedative effects. There were significant methodological inconsistencies in the studies we identified, particularly surrounding patient recruitment criteria, the definition and measurement of violence and the lack of randomized, controlled trials. Data on therapeutic monitoring were also limited. Clozapine can reduce violence and persistent aggression in patients with schizophrenia and other psychiatric disorders. It may offer an advantage over other antipsychotics, although perhaps exclusively in the case of traditionally defined 'treatment resistance' or more broadly defined 'complex cases' with co-morbidity. Larger, randomized, blinded, controlled studies with robust characterization of participants, and standardized measures of violence and aggression are, however, needed to fully understand this link and explore the possible mechanisms.
395bfb7073aa67084a905b07f272ef6aa6c5f25b	10.1007/s11920-011-0244-9	22033830	Aggression in borderline personality disorder: evidence for increased risk and clinical predictors.	This article aimed to systematically review the current literature regarding elevated risk of aggression in borderline personality disorder (BPD) and to review factors that differentiate aggressive from nonaggressive individuals with BPD. It has done so via a systematic review of the literature using Ovid MEDLINE and PsycINFO from 1980 to June 2010. Results indicate that BPD does not appear to be independently associated with increased risk of violence in the general population. History of childhood maltreatment, history of violence or criminality, and comorbid psychopathy or antisocial personality disorder appear to be predictors of violence in patients with BPD. This review concludes that the current evidence suggests that patients with BPD are not more violent than individuals in the general population. More studies are needed on factors that predict risk of aggression at an individual level.
8e3a7019ae3dddf8fa8aa6caeaa4a3fb922ae151	10.1080/02668734.2014.888675		The outcome of psychodynamic psychotherapies with individuals diagnosed with personality disorders: a systematic review	This review aimed to explore the evidence base of psychodynamic therapy for personality disorder (PD). A systematic approach was applied to the literature search with the use of a clear inclusion/exclusion criteria and a quality assessment checklist. Nineteen studies investigating the use of psychodynamic therapy for PD were reviewed. Four randomised controlled trials (RCT) demonstrated superior results for psychodynamic therapy compared with another type of therapy, two RCTs found that cognitive-based therapies were superior and one RCT found no difference between therapies for PD. Another seven RCTs found positive results for psychodynamic therapies compared with a treatment as usual condition (n = 3) or another dynamic therapy (n = 4). Five non-RCTs were included with mixed findings for treating PD with psychodynamic therapy. Many of the included studies focusing on psychodynamic-based therapies with borderline personality disorder had positive outcomes, and concentrated on mentalisation-based therapy and transference-focused therapy. There were good outcomes for short- and long-term psychodynamic therapies with individuals with PD. Implications for developing services for treating PD are discussed. Research that addresses methodological issues and increases understanding of the ingredients of change in psychodynamic therapy for PD is also recommended.
942f189f625c6cfe458a899279150c3634265c32		24812651	Clozapine in borderline personality disorder: a review of the evidence.	BACKGROUND: Borderline personality disorder (BPD) is a serious mental disorder that is difficult to treat. Possible targets for pharmacotherapy include affective symptoms, cognitive disturbances, and impulsive, self-injurious behaviors. Although many of the medications tested for treatment of BPD have been demonstrated to be useful, no clear pharmacologic treatment has emerged. Clozapine is one of the medications that has been evaluated for the treatment of severe BPD. The aim of this review is to summarize the evidence examining the effectiveness of clozapine in the treatment of BPD. METHODS: A comprehensive search of the health science databases PubMed, EMBASE, CINAHL, PsycINFO, Web of Science, Cochrane Library, and Google Scholar was performed for studies describing the use of clozapine in the treatment of BPD. RESULTS: After the initial search, no randomized controlled trials evaluating the effectiveness of clozapine in BPD were identified. Therefore, case reports and case series were reviewed, with 12 articles selected for final review. CONCLUSIONS: This review suggests that clozapine may be a beneficial treatment option for BPD especially in controlling symptom severity, psychotic symptoms, impulsivity, self-mutilation, number of days on enhanced observation, use of restraint, and overall functioning.
bb121e26d21d71126431a350eaeb468db2c11074	10.1016/j.cpr.2015.02.002	25723972	Quality and severity of depression in borderline personality disorder: A systematic review and meta-analysis.	Depression in borderline personality disorder (BPD) is hypothesized to be distinct in quality and severity. This paper provides a systematic review of depression quality, and a meta-analysis of depression severity in BPD patients compared to those with depressive disorders (DeDs) only. Based on a systematic literature search, 26 studies were identified for systematic review and 35 studies (3425 participants) were included for meta-analysis. The review focused on different forms of depressive symptoms, affective impairment, self-evaluation, and negative interpersonal experiences. The meta-analysis examined age, gender, presence of comorbid DeDs in BPD patients, and type of depression scale as moderators of effect sizes. Findings indicate that depression quality in BPD is characterized by higher anger/hostility and self-criticism. There was no significant difference in depression severity between BPD and DeD groups, and a high level of heterogeneity. Moderator analyses revealed lower depression severity in BPD patients without comorbid DeDs, but higher severity in BPD patients with comorbid DeDs compared to depressed controls. Our results suggest high variability in depression severity across BPD patients, point toward the consideration of comorbid DeDs, and lend partial support to a BPD-specific depression quality. We discuss difficulties in research on depression in BPD, and offer directions for future studies.
8c45a50ca209805ee4146c08390d7668a6519c39	10.1002/pmh.1294	25940516	Autobiographical memory in borderline personality disorder-A systematic review.	Borderline personality disorder is a severe psychiatric illness. A key feature of the disorder is a disorganized sense of self often referred to as identity diffusion. Autobiographical memory is memory for personal life events. One of the main functions of these memories is to enable us to understand who we are by connecting past, present and future experiences. It seems that autobiographical memory is in some way disrupted in individuals with borderline personality disorder. A systematic review is conducted looking at studies that focus on the potential connections. We find that although a number of studies have been published results remain inconsistent. Furthermore, we find that many of the studies suffer from inadequate designs particularly regarding the reported measures of autobiographical memory. We discuss potential links between personality functioning, identity diffusion, autobiographical memory and borderline personality disorder. Copyright  2015 John Wiley & Sons, Ltd.
6afe0c014fff38e7037ff6d40d03c1ad1abdcb3b	10.1590/1516-4446-2014-1459	25946399	Personality disorders in euthymic bipolar patients: a systematic review.	OBJECTIVE: To identify, by means of a systematic review, the frequency with which comorbid personality disorders (PDs) have been assessed in studies of euthymic bipolar patients. METHODS: PubMed, ciELO and PsychINFO databases were searched for eligible articles published between 1997 and 2013. After screening 1,249 empirical papers, two independent reviewers identified three articles evaluating the frequency of PDs in patients with bipolar disorders assessed in a state of euthymia. RESULTS: The total sample comprised 376 euthymic bipolar patients, of whom 155 (41.2%) had at least one comorbid PD. Among them, we found 87 (23.1%) in cluster B, 55 (14.6%) in cluster C, and 25 (6.6%) in cluster A. The frequencies of PD subtypes were: borderline, 38 (10.1%); histrionic, 29 (7.7%); obsessive-compulsive, 28 (7.4%); dependent, 19 (5%); narcissistic, 17 (4.5%); schizoid, schizotypal, and avoidant, 11 patients each (2.95%); paranoid, five (1.3%); and antisocial, three (0.79%). CONCLUSION: The frequency of comorbid PD was high across the spectrum of euthymic bipolar patients. In this population, the most common PDs were those in cluster B, and the most frequent PD subtype was borderline, followed by histrionic and obsessive-compulsive.
bac52358cfe987cc7b4beffcc185f143630af852	10.1177/0020764015589133	26081467	Personal recovery in personality disorder: Systematic review and meta-synthesis of qualitative methods studies.	BACKGROUND AND AIMS: Support of personal recovery represents the aim for many modern mental health services. There is a lack of conceptual clarity around the application of the term however and this is particularly problematic with regard to the personality disorder diagnoses. This study sought to review the existing qualitative methods literature in relation to the experience of personal recovery in personality disorder. METHODS: A systematic literature search was conducted. Identified studies were incorporated through meta-synthesis in order to develop higher order descriptive themes representative of the individual experience described within included studies. RESULTS: Three studies were identified and incorporated into the meta-synthesis. Three novel higher order themes were developed: Safety and containment as a prerequisite to recovery, social networks and autonomy in the recovery process and identity construction as a process of change. CONCLUSION: Personal recovery in personality disorder is revealed as a complex process reflecting both personal and social experiences or desires. These findings have important implications for clinical practice - emphasising the need to work closely with individuals and to develop an understanding of both their social experience and networks. Further research, taking greater account of social context in the recovery process, is necessary.
522f6f9a38112b21e930dc0cdc99e46acd1bc63a	10.1037/cap0000024	26456998	A Systematic Review of Personality Disorders and Health Outcomes.	Personality disorders have been associated with a wide swath of adverse health outcomes and correspondingly high costs to healthcare systems. To date, however, there has not been a systematic review of the literature on health conditions among individuals with personality disorders. The primary aim of this article is to review research documenting the associations between personality disorders and health conditions. A systematic review of the literature revealed 78 unique empirical English-language peer-reviewed articles examining the association of personality disorders and health outcomes over the past 15 years. Specifically, we reviewed research examining the association of personality disorders with sleep disturbance, obesity, pain conditions, and other chronic health conditions. In addition, we evaluated research on candidate mechanisms underlying health problems in personality disorders and potential treatments for such disorders. Results underscore numerous deleterious health outcomes associated with PD features and PD diagnoses, and suggest potential biological and behavioural factors that may account for these relations. Guidelines for future research in this area are discussed.
08d8a617ec9b28434fb6c0ff276844befebf3d33	10.1055/s-0041-107984	26588717	[A Systematic Review of Personality Disorders and Addiction: Epidemiology, Course and Treatment].	AIM: This paper provides a systematic overview of the comorbidity of personality and addictive disorders including behavioural addictions. METHOD: Systematic review. RESULTS: Personality disorders and substance-related addictions show high comorbidity rates. This is equally true of behavioural addictions. Most empirical research is on comorbidity with borderline personality disorder. For treatment of individuals with dual diagnoses, three psychotherapies have been demonstrated to be effective. Pharmacotherapeutic approaches have hardly been investigated. CONCLUSION: METHODologically integrative treatment represents therapy of choice for patients with dual diagnoses. Comorbidity of personality disorders and behavioural addictions needs further investigation.
b36b64289914008b665d5940eb17e1a91f664af2		26417738	Traumatic events in childhood and their association with psychiatric illness in the adult.	INTRODUCTION: Child maltreatment is a well-known condition that is currently considered to be associated with the development of severe psychiatric conditions. Consequently, the authors decided to review the current literature in order to give a complete scenario of the situation in the world and to give recommendations about prevention and treatment as well as research goals. METHODS: An electronic search was conducted through the means of MEDLINE database in order to find the most up to date peer-reviewed papers, including only those papers published in 2015. RESULTS: 15 papers were included and analyzed the current situation in different countries: US (n.3), Australia (n.2), Ireland (n.2), Israel (n.2), China (n.2), Indonesia (n.1), Pakistan (n.1) and Norway (n.1). DISCUSSION: Even though sexual abuse has been studied extensively, both physical and emotional abuse and neglect appear to be more represented within the population of patients that had suffered from abuse. Psychiatric disorders (mainly personality disorders, depression and anxiety), interpersonal, social and legal outcomes are important consequences of child maltreatment. CONCLUSIONS: Interventions and strategies are needed at different levels, from prevention to treatment and further research is important in order to better understand the phenomenon.
1c4e5942d83271e25f51d4ac7dd817ffbb9aff98	10.1177/0004867416632595	26912339	Comparing the experience of voices in borderline personality disorder with the experience of voices in a psychotic disorder: A systematic review.	OBJECTIVE: In clinical settings, there is substantial evidence both clinically and empirically to suggest that approximately 50% of individuals with borderline personality disorder experience auditory verbal hallucinations. However, there is limited research investigating the phenomenology of these voices. The aim of this study was to review and compare our current understanding of auditory verbal hallucinations in borderline personality disorder with auditory verbal hallucinations in patients with a psychotic disorder, to critically analyse existing studies investigating auditory verbal hallucinations in borderline personality disorder and to identify gaps in current knowledge, which will help direct future research. METHOD: The literature was searched using the electronic database Scopus, PubMed and MEDLINE. Relevant studies were included if they were written in English, were empirical studies specifically addressing auditory verbal hallucinations and borderline personality disorder, were peer reviewed, used only adult humans and sample comprising borderline personality disorder as the primary diagnosis, and included a comparison group with a primary psychotic disorder such as schizophrenia. RESULTS: Our search strategy revealed a total of 16 articles investigating the phenomenology of auditory verbal hallucinations in borderline personality disorder. Some studies provided evidence to suggest that the voice experiences in borderline personality disorder are similar to those experienced by people with schizophrenia, for example, occur inside the head, and often involved persecutory voices. Other studies revealed some differences between schizophrenia and borderline personality disorder voice experiences, with the borderline personality disorder voices sounding more derogatory and self-critical in nature and the voice-hearers' response to the voices were more emotionally resistive. Furthermore, in one study, the schizophrenia group's voices resulted in more disruption in daily functioning. These studies are, however, limited in number and do not provide definitive evidence of these differences. CONCLUSION: The limited research examining auditory verbal hallucinations experiences in borderline personality disorder poses a significant diagnostic and treatment challenge. A deeper understanding of the precise phenomenological characteristics will help us in terms of diagnostic distinction as well as inform treatments.
6d17025c4b56185133fa4033678893a22f163fae	10.1016/j.cpr.2015.12.001	26709502	The aetiological and psychopathological validity of borderline personality disorder in youth: A systematic review and meta-analysis.	Controversy surrounds the diagnosis of Borderline Personality Disorder (BPD) in youth. This meta-analysis summarised evidence regarding the aetiological and psychopathological validity of youth BPD (the extent to which youth and adult BPD share common risk factors and psychopathology). We identified 61 studies satisfying predetermined inclusion criteria. Statistically significant pooled associations with youth (19years of age and under) BPD were observed for sexual abuse (all youth: odds ratio=4.88; 95% confidence interval=3.30, 7.21; children: OR=3.97; 95% CI=1.51, 10.41; adolescents: OR=5.41; 95% CI=3.43, 8.53); physical abuse (all youth: 2.79 [2.03, 3.84]; children: 2.86 [1.98, 4.13]; adolescents: 2.60 [1.38, 4.90]); maternal hostility/verbal abuse (all youth: 3.28 [2.67, 4.03]; children: 3.15 [2.55, 3.88]; adolescents: 4.71 [1.77, 12.53]); and neglect (all youth: 3.40 [2.27, 5.11]; children: 2.87 [1.73, 4.73]; adolescents: 4.87 [2.24, 10.59]). Several psychopathological features were also associated with youth BPD, including comorbid mood (3.21 [2.13, 4.83]), anxiety (2.30 [1.44, 3.70]) and substance use (2.92 [1.60, 5.31]) disorders; self-harm (2.81 [1.61, 4.90]); suicide ideation (all youth: 2.02 [1.23, 3.32]; children: 6.00 [1.81, 19.84]; adolescents: 1.75 [1.20; 2.54]) and suicide attempt (2.10 [1.21, 3.66]). Results demonstrate that adult and youth BPD share common aetiological and psychopathological correlates. This offers some support for the diagnostic validity of youth BPD and indicates the need for clinical recognition in this age group.
b12961831a3d966b8b76d23d3c9f60b69ce2ad7b	10.1016/j.cpr.2015.11.009	26708387	Neuropsychological deficits in BPD patients and the moderator effects of co-occurring mental disorders: A meta-analysis.	Studies have shown that patients with borderline personality disorder (BPD) have co-occurring disorders; literature has also suggested that BPD patients have impairments in neuropsychological functioning, as seen in a previous meta-analysis (Ruocco, 2005). This meta-analysis showed that neuropsychological functioning are marked areas of concern in BPD; however, this meta-analytic research did not assess the effects of co-occurring disorders on neuropsychological functioning in BPD patients. The current meta-analysis takes this into consideration and a systematic review of cross-sectional studies comparing neuropsychological performance of individuals with BPD with age-matched healthy comparison subjects was carried out. Potential moderators (i.e., age, gender, education level, and co-morbid mental disorders) were analyzed. Significant deficits were observed in the decision making, memory, executive functioning, processing speed, verbal intelligence, and visuospatial abilities. BPD patients with more education and with parents of a higher educational level had better neuropsychological functioning. Globally, BPD samples with a higher percentage of co-morbid personality disorders, major depression, eating disorders, or any substance abuse disorders performed worse than patients with a less percentage; however, anxiety disorders and PTSD co-morbidity did not affect the cognitive performance of the BPD group. Differences are seen dependent on neuropsychological domain and specific co-morbidity. These findings highlight the clinical relevance of characterizing cognitive functioning in BPD and the importance of considering demographic and clinical moderators in future analyses.
bf1ec866c3244da7007bde411dbd3c9d2a1176ee	10.1016/j.eurpsy.2016.01.2422	26928342	Non-pharmacological interventions for reducing aggression and violence in serious mental illness: A systematic review and narrative synthesis.	BACKGROUND: For people with mental illness that are violent, a range of interventions have been adopted with the aim of reducing violence outcomes. Many of these interventions have been borrowed from other (offender) populations and their evidence base in a Serious Mental Illness (SMI) population is uncertain. AIMS: To aggregate the evidence base for non-pharmacological interventions in reducing violence amongst adults with SMI and PD (Personality Disorder), and to assess the efficacy of these interventions. We chose to focus on distinct interventions rather than on holistic service models where any element responsible for therapeutic change would be difficult to isolate. METHODS: We performed a systematic review and narrative synthesis of non-pharmacological interventions intended to reduce violence in a SMI population and in patients with a primary diagnosis of PD. Five online databases were searched alongside a manual search of seven relevant journals, and expert opinion was sourced. Eligibility of all returned articles was independently assessed by two authors, and quality of studies was appraised via the Cochrane Collaboration Tool for Assessing Risk of Bias. RESULTS: We included 23 studies of diverse psychological and practical interventions, with a range of experimental and quasi-experimental study designs that included 7 Randomised Controlled Trials (RCTs). The majority were studies of Mentally Disordered Offenders. The stronger evidence existed for patients with a SMI diagnosis receiving Cognitive Behavioural Therapy or modified Reasoning & Rehabilitation (R&R). For patients with a primary diagnosis of PD, a modified version of R&R appeared tolerable and Enhanced Thinking Skills showed some promise in improving attitudes over the short-term, but studies of Dialectical Behaviour Therapy in this population were compromised by high risk of experimental bias. Little evidence could be found for non-pharmacological, non-psychological interventions. CONCLUSIONS: The evidence for non-pharmacological interventions for reducing violence in this population is not conclusive. Long-term outcomes are lacking and good quality RCTs are required to develop a stronger evidence base.
892e3c7ceba4eebd01fb8d350c276daf03a9a9b9	10.1016/j.ijnurstu.2015.10.019	26747180	Interventions to improve mental health nurses' skills, attitudes, and knowledge related to people with a diagnosis of borderline personality disorder: Systematic review.	OBJECTIVES: There is some evidence that mental health nurses have poor attitudes towards people with a diagnosis of borderline personality disorder and that this might impact negatively on the development of helpful therapeutic relationships. We aimed to collate the current evidence about interventions that have been devised to improve the responses of mental health nurses towards this group of people. DESIGN: Systematic review in accordance with the Preferred Reporting Items for Systematic Reviews and Meta Analyses statement. DATA SOURCES: Comprehensive terms were used to search CINAHL, PsycINFO, Medline, Biomedical Reference Collection: Comprehensive, Web of Science, ASSIA, Cochrane Library, EMBASE, ProQuest [including Dissertations/Theses], and Google Scholar for relevant studies. REVIEW METHODS: Included studies were those that described an intervention whose aim was to improve attitudes towards, knowledge about or responses to people with a diagnosis of borderline personality disorder. The sample described had to include mental health nurses. Information about study characteristics, intervention content and mode of delivery was extracted. Study quality was assessed, and effect sizes of interventions and potential moderators of those interventions were extracted and converted to Cohen's d to aid comparison. RESULTS: The search strategy yielded a total of eight studies, half of which were judged to be methodologically weak with the remaining four studies judged to be of moderate quality. Only one study employed a control group. The largest effect sizes were found for changes related to cognitive attitudes including knowledge; smaller effect sizes were found in relation to changes in affective outcomes. Self-reported behavioural change in the form of increased use of components of Dialectical Behaviour Therapy following training in this treatment was associated with moderate effect sizes. The largest effect sizes were found among those with poorer baseline attitudes and without previous training about borderline personality disorder. CONCLUSIONS: There is a dearth of high quality evidence about the attitudes of mental health nurses towards people with a diagnosis of borderline personality disorder. This is an important gap since nurses hold the poorest attitudes of professional disciplines involved in the care of this group. Further work is needed to ascertain the most effective elements of training programmes; this should involve trials of interventions in samples that are compared against adequately matched control groups.
eab54cab84e0a24cee1f26df670e9f834874aee8	10.1016/j.jad.2015.12.077	26803780	A meta-analysis of temperament and character dimensions in patients with mood disorders: Comparison to healthy controls and unaffected siblings.	BACKGROUND: Cloninger's psychobiological model of personality has been extensively applied to subjects affected by mood disorders (MOOD). However, most studies are widely heterogeneous in terms of sample size, methods of assessment, and selection of participants. METHODS: We conducted a systematic review of literature and a random effects meta-analysis of studies comparing at least two of the following groups: (a) adults with a primary MOOD diagnosis (Bipolar Disorder (BP) or major depressive disorder (MDD)), (b) their unaffected siblings (SIB) or (c) healthy subjects (HS), and reporting quantitative results from the Tridimensional Personality Questionnaire (TPQ) or the Temperament and Character Inventory (TCI). Subgroup, sensitivity and meta-regression analyses were also conducted. RESULTS: High Harm Avoidance and low Self-Directedness were consistently associated with MOOD and SIB samples. BP was characterized by higher scores in Novelty Seeking and Self-Transcendence than HS, SIB and MDD. Age seemed to have a negative effect on Novelty Seeking and a positive effect on Harm Avoidance, Cooperativeness and Self-Transcendence. An euthymic mood state was associated with reduced Harm Avoidance, but increased Reward Dependence, Self-Directedness and Cooperativeness. LIMITATIONS: The quality of the included studies varied and was relatively low. Moreover, publication bias and heterogeneity in the distribution of effect sizes may also have limited our results. CONCLUSION: High Harm Avoidance and Low Self-Directedness may be trait markers for MOOD in general, while high Novelty Seeking and high Self-Transcendence may be specific to BP. Future studies are needed to disentangle the state-trait effect of each personality dimension.
5835b6770995cc6b8946c03694bb9d0af27ba0f9	10.1016/j.jad.2016.01.040	26881339	The prevalence and predictors of bipolar and borderline personality disorders comorbidity: Systematic review and meta-analysis.	INTRODUCTION: Data about the prevalence of borderline personality (BPD) and bipolar (BD) disorders comorbidity are scarce and the boundaries remain controversial. We conducted a systematic review and meta-analysis investigating the prevalence of BPD in BD and BD in people with BPD. METHODS: Two independent authors searched MEDLINE, Embase, PsycINFO and the Cochrane Library from inception till November 4, 2015. Articles reporting the prevalence of BPD and BD were included. A random effects meta-analysis and meta-regression were conducted. RESULTS: Overall, 42 papers were included: 28 considering BPD in BD and 14 considering BD in BPD. The trim and fill adjusted analysis demonstrated the prevalence of BPD among 5273 people with BD (39.9411.78 years, 44% males) was 21.6% (95% CI 17.0-27.1). Higher comorbid BPD in BD were noted in BD II participants (37.7%, 95% CI 21.9-56.6, studies=6) and North American studies (26.2%, 95% CI 18.7-35.3, studies=11). Meta regression established that a higher percentage of males and higher mean age significantly (p<0.05) predicted a lower prevalence of comorbid BPD in BD participants. The trim and fill adjusted prevalence of BD among 1814 people with BPD (32.227.35 years, 21.5% male) was 18.5% (95% CI 12.7-26.1). LIMITATIONS: Paucity of longitudinal/control group studies and accurate treatment records. CONCLUSIONS: BPD-BD comorbidity is common, with approximately one in five people experiencing a comorbid diagnosis. Based on current diagnostic constructs, and a critical interpretation of results, both qualitative and quantitative syntheses of the evidence prompt out the relevance of differences rather similarities between BD and BPD.
826a316d932d4cd459f836683986988e825a62cd	10.1080/10503307.2016.1189618	27248648	Psychological masochism: A systematic review of the literature on conflicts, defenses, and motives.	OBJECTIVE: Our aim was to conduct a systematic review of the literature on psychological masochism to identify hypotheses for examination in clinical studies. METHOD: We identified defenses, conflicts, and motives using standardized measures in 23 psychoanalytic papers. RESULTS: Three primary and three secondary subtypes of masochism emerged in the literature. Overall Gratification Inhibition (subtype I.1) was the "healthiest" form, associated with higher developmental level motives and neurotic defenses. The Global Conflict (I.2) was the least healthy form of masochism, consistent with personality disorder. It was associated with early developmental level motives and immature defenses, including depressive defenses, often associated with depression. Dominant Other (I.3) represented masochistic attachment problems, associated with early developmental level motives, object-related, image-distorting defenses, and narcissism. Of the secondary types, Separation-Abandonment (II.1) reflected object-related defenses, and separation-related motives. Rejection of Others (II.2) represented a sadistic-narcissistic form, associated with image-distorting and disavowal defenses, with both early and later developmental level motives. Finally, Sexual Pleasure vs. Guilt (II.3) was associated with autistic fantasy, and both early and later developmental level motives, suggesting a distinct traumatic origin and representing the juncture of sexual and psychological masochism. CONCLUSIONS: Analysts described six distinguishable types of masochism. Future studies should examine their validity.
0ccee4c000dfc1442586821f193bfc83a3b79140	10.1111/jocn.13202	27139693	Mental health nurses' attitudes, behaviour, experience and knowledge regarding adults with a diagnosis of borderline personality disorder: systematic, integrative literature review.	AIMS AND OBJECTIVES: To establish whether mental health nurses responses to people with borderline personality disorder are problematic and, if so, to inform solutions to support change. BACKGROUND: There is some evidence that people diagnosed with borderline personality disorder are unpopular among mental health nurses who respond to them in ways which could be counter-therapeutic. Interventions to improve nurses' attitudes have had limited success. DESIGN: Systematic, integrative literature review. METHODS: Computerised databases were searched from inception to April 2015 for papers describing primary research focused on mental health nurses' attitudes, behaviour, experience, and knowledge regarding adults diagnosed with borderline personality disorder. Analysis of qualitative studies employed metasynthesis; analysis of quantitative studies was informed by the theory of planned behaviour. RESULTS: Forty studies were included. Only one used direct observation of clinical practice. Nurses' knowledge and experiences vary widely. They find the group very challenging to work with, report having many training needs, and, objectively, their attitudes are poorer than other professionals' and poorer than towards other diagnostic groups. Nurses say they need a coherent therapeutic framework to guide their practice, and their experience of caregiving seems improved where this exists. CONCLUSIONS: Mental health nurses' responses to people with borderline personality disorder are sometimes counter-therapeutic. As interventions to change them have had limited success there is a need for fresh thinking. Observational research to better understand the link between attitudes and clinical practice is required. Evidence-based education about borderline personality disorder is necessary, but developing nurses to lead in the design, implementation and teaching of coherent therapeutic frameworks may have greater benefits. RELEVANCE TO CLINICAL PRACTICE: There should be greater focus on development and implementation of a team-wide approach, with nurses as equal partners, when working with patients with borderline personality disorder.
9e2146f4d3c06acd5e8ce5007f25f15305ad92ff	10.1016/j.neuroimage.2016.06.009	27288319	Neuroimaging cognitive reappraisal in clinical populations to define neural targets for enhancing emotion regulation. A systematic review.	Reduced capacity to cognitively regulate emotional responses is a common impairment across major neuropsychiatric disorders. Brain systems supporting one such strategy, cognitive reappraisal of emotion, have been investigated extensively in the healthy population, a research focus that has led to influential meta-analyses and literature reviews. However, the emerging literature on neural substrates underlying cognitive reappraisal in clinical populations is yet to be systematically reviewed. Therefore, the goal of the current review was to summarize the literature on cognitive reappraisal and highlight common and distinct neural correlates of impaired emotion regulation in clinical populations. We performed a two-stage systematic literature search, selecting 32 studies on cognitive reappraisal in individuals with mood disorders (n=12), anxiety disorders (n=14), addiction (n=2), schizophrenia (n=2), and personality disorders (n=5). Comparing findings across these disorders allowed us to determine underlying mechanisms that were either disorder-specific or common across disorders. Results showed that across clinical populations, individuals consistently demonstrated reduced recruitment of the ventrolateral prefrontal cortex (vlPFC) and dorsolateral prefrontal cortex (dlPFC) during downregulation of negative emotion, indicating that there may be a core deficit in selection, manipulation and inhibition during reappraisal. Further, in individuals with mood disorders, amygdala responses were enhanced during downregulation of emotion, suggesting hyperactive bottom-up responses or reduced modulatory capacity. In individuals with anxiety disorders, however, emotion regulation revealed reduced activity in the dorsal anterior cingulate cortex (dACC) and inferior/superior parietal cortex, possibly indicating a deficit in allocation of attention. The reviewed studies thus provide evidence for both disorder-specific and common deficits across clinical populations. These findings highlight the role of distinct neural substrates as targets for developing/assessing novel therapeutic approaches that are geared towards cognitive regulation of emotion, as well as the importance of transdiagnostic research to identify both disorder specific and core mechanisms.
